{
  "IcoMoonType": "selection",
  "icons": [
    {
      "icon": {
        "paths": [
          "M438.857 548.571v219.429q0 45.714-32 77.714t-77.714 32h-219.429q-45.714 0-77.714-32t-32-77.714v-402.286q0-59.429 23.143-113.429t62.571-93.429 93.429-62.571 113.429-23.143h36.571q14.857 0 25.714 10.857t10.857 25.714v73.143q0 14.857-10.857 25.714t-25.714 10.857h-36.571q-60.571 0-103.429 42.857t-42.857 103.429v18.286q0 22.857 16 38.857t38.857 16h128q45.714 0 77.714 32t32 77.714zM950.857 548.571v219.429q0 45.714-32 77.714t-77.714 32h-219.429q-45.714 0-77.714-32t-32-77.714v-402.286q0-59.429 23.143-113.429t62.571-93.429 93.429-62.571 113.429-23.143h36.571q14.857 0 25.714 10.857t10.857 25.714v73.143q0 14.857-10.857 25.714t-25.714 10.857h-36.571q-60.571 0-103.429 42.857t-42.857 103.429v18.286q0 22.857 16 38.857t38.857 16h128q45.714 0 77.714 32t32 77.714z"
        ],
        "width": 950.8570098876953,
        "attrs": [],
        "isMulticolor": false,
        "isMulticolor2": false,
        "tags": [
          "quote-left"
        ],
        "defaultCode": 61709,
        "grid": 14
      },
      "attrs": [],
      "properties": {
        "name": "quote-left",
        "id": 241,
        "order": 12,
        "prevSize": 32,
        "code": 61709
      },
      "setIdx": 0,
      "setId": 1,
      "iconIdx": 241
    },
    {
      "icon": {
        "paths": [
          "M438.857 182.857v402.286q0 59.429-23.143 113.429t-62.571 93.429-93.429 62.571-113.429 23.143h-36.571q-14.857 0-25.714-10.857t-10.857-25.714v-73.143q0-14.857 10.857-25.714t25.714-10.857h36.571q60.571 0 103.429-42.857t42.857-103.429v-18.286q0-22.857-16-38.857t-38.857-16h-128q-45.714 0-77.714-32t-32-77.714v-219.429q0-45.714 32-77.714t77.714-32h219.429q45.714 0 77.714 32t32 77.714zM950.857 182.857v402.286q0 59.429-23.143 113.429t-62.571 93.429-93.429 62.571-113.429 23.143h-36.571q-14.857 0-25.714-10.857t-10.857-25.714v-73.143q0-14.857 10.857-25.714t25.714-10.857h36.571q60.571 0 103.429-42.857t42.857-103.429v-18.286q0-22.857-16-38.857t-38.857-16h-128q-45.714 0-77.714-32t-32-77.714v-219.429q0-45.714 32-77.714t77.714-32h219.429q45.714 0 77.714 32t32 77.714z"
        ],
        "width": 950.8569793701172,
        "attrs": [],
        "isMulticolor": false,
        "isMulticolor2": false,
        "tags": [
          "quote-right"
        ],
        "defaultCode": 61710,
        "grid": 14
      },
      "attrs": [],
      "properties": {
        "name": "quote-right",
        "id": 242,
        "order": 13,
        "prevSize": 32,
        "code": 61710
      },
      "setIdx": 0,
      "setId": 1,
      "iconIdx": 242
    },
    {
      "icon": {
        "paths": [
          "M475.429 621.714v-73.143q0-8-5.143-13.143t-13.143-5.143h-109.714v-109.714q0-8-5.143-13.143t-13.143-5.143h-73.143q-8 0-13.143 5.143t-5.143 13.143v109.714h-109.714q-8 0-13.143 5.143t-5.143 13.143v73.143q0 8 5.143 13.143t13.143 5.143h109.714v109.714q0 8 5.143 13.143t13.143 5.143h73.143q8 0 13.143-5.143t5.143-13.143v-109.714h109.714q8 0 13.143-5.143t5.143-13.143zM804.571 658.286q0-30.286-21.429-51.714t-51.714-21.429-51.714 21.429-21.429 51.714 21.429 51.714 51.714 21.429 51.714-21.429 21.429-51.714zM950.857 512q0-30.286-21.429-51.714t-51.714-21.429-51.714 21.429-21.429 51.714 21.429 51.714 51.714 21.429 51.714-21.429 21.429-51.714zM1097.143 585.143q0 121.143-85.714 206.857t-206.857 85.714q-109.714 0-193.143-73.143h-125.714q-83.429 73.143-193.143 73.143-121.143 0-206.857-85.714t-85.714-206.857 85.714-206.857 206.857-85.714h512q121.143 0 206.857 85.714t85.714 206.857z"
        ],
        "width": 1097.1438903808594,
        "attrs": [],
        "isMulticolor": false,
        "isMulticolor2": false,
        "tags": [
          "gamepad"
        ],
        "defaultCode": 61723,
        "grid": 14
      },
      "attrs": [],
      "properties": {
        "name": "gamepad",
        "id": 252,
        "order": 17,
        "prevSize": 32,
        "code": 61723
      },
      "setIdx": 0,
      "setId": 1,
      "iconIdx": 252
    },
    {
      "icon": {
        "paths": [
          "M334.286 561.714l-266.286 266.286q-5.714 5.714-13.143 5.714t-13.143-5.714l-28.571-28.571q-5.714-5.714-5.714-13.143t5.714-13.143l224.571-224.571-224.571-224.571q-5.714-5.714-5.714-13.143t5.714-13.143l28.571-28.571q5.714-5.714 13.143-5.714t13.143 5.714l266.286 266.286q5.714 5.714 5.714 13.143t-5.714 13.143zM950.857 822.857v36.571q0 8-5.143 13.143t-13.143 5.143h-548.571q-8 0-13.143-5.143t-5.143-13.143v-36.571q0-8 5.143-13.143t13.143-5.143h548.571q8 0 13.143 5.143t5.143 13.143z"
        ],
        "width": 958.2859897613525,
        "attrs": [],
        "isMulticolor": false,
        "isMulticolor2": false,
        "tags": [
          "terminal"
        ],
        "defaultCode": 61728,
        "grid": 14
      },
      "attrs": [],
      "properties": {
        "name": "terminal",
        "id": 256,
        "order": 15,
        "prevSize": 32,
        "code": 61728
      },
      "setIdx": 0,
      "setId": 1,
      "iconIdx": 256
    },
    {
      "icon": {
        "paths": [
          "M352.571 799.429l-28.571 28.571q-5.714 5.714-13.143 5.714t-13.143-5.714l-266.286-266.286q-5.714-5.714-5.714-13.143t5.714-13.143l266.286-266.286q5.714-5.714 13.143-5.714t13.143 5.714l28.571 28.571q5.714 5.714 5.714 13.143t-5.714 13.143l-224.571 224.571 224.571 224.571q5.714 5.714 5.714 13.143t-5.714 13.143zM690.286 189.714l-213.143 737.714q-2.286 7.429-8.857 11.143t-13.429 1.429l-35.429-9.714q-7.429-2.286-11.143-8.857t-1.429-14l213.143-737.714q2.286-7.429 8.857-11.143t13.429-1.429l35.429 9.714q7.429 2.286 11.143 8.857t1.429 14zM1065.714 561.714l-266.286 266.286q-5.714 5.714-13.143 5.714t-13.143-5.714l-28.571-28.571q-5.714-5.714-5.714-13.143t5.714-13.143l224.571-224.571-224.571-224.571q-5.714-5.714-5.714-13.143t5.714-13.143l28.571-28.571q5.714-5.714 13.143-5.714t13.143 5.714l266.286 266.286q5.714 5.714 5.714 13.143t-5.714 13.143z"
        ],
        "width": 1097.141944885254,
        "attrs": [],
        "isMulticolor": false,
        "isMulticolor2": false,
        "tags": [
          "code"
        ],
        "defaultCode": 61729,
        "grid": 14
      },
      "attrs": [],
      "properties": {
        "name": "code",
        "id": 257,
        "order": 14,
        "prevSize": 32,
        "code": 61729
      },
      "setIdx": 0,
      "setId": 1,
      "iconIdx": 257
    },
    {
      "icon": {
        "paths": [
          "M950.857 627.429q0 46.286-25.429 77.143t-70.571 30.857q-23.429 0-44.286-10t-33.714-21.714-32.286-21.714-40.571-10q-62.857 0-62.857 70.857 0 22.286 9.143 65.714t8.571 65.714v2.857q-12.571 0-18.857 0.571-19.429 1.714-55.714 6.571t-66 7.714-56 2.857q-34.857 0-58.857-15.143t-24-47.714q0-21.143 10-40.571t21.714-32.286 21.714-33.714 10-44.286q0-45.143-30.857-70.571t-77.143-25.429q-48 0-81.714 26t-33.714 72.857q0 24.571 8.571 47.429t19.143 36.857 19.143 30.286 8.571 28.857q0 25.714-26.286 50.857-21.143 20-66.857 20-54.286 0-140-13.714-5.143-1.143-15.714-2.286t-15.714-2.286l-7.429-1.143q-0.571 0-1.714-0.571-1.143 0-1.143-0.571v-585.143q1.143 0.571 10 2t19.429 2.857 12.286 2q85.714 13.714 140 13.714 45.714 0 66.857-20 26.286-25.143 26.286-50.857 0-12.571-8.571-28.857t-19.143-30.286-19.143-36.857-8.571-47.429q0-46.857 33.714-72.857t82.286-26q45.714 0 76.571 25.429t30.857 70.571q0 23.429-10 44.286t-21.714 33.714-21.714 32.286-10 40.571q0 32.571 24 47.714t58.857 15.143q36.571 0 102.857-8.571t93.143-9.714v1.143q-0.571 1.143-2 10t-2.857 19.429-2 12.286q-13.714 85.714-13.714 140 0 45.714 20 66.857 25.143 26.286 50.857 26.286 12.571 0 28.857-8.571t30.286-19.143 36.857-19.143 47.429-8.571q46.857 0 72.857 33.714t26 81.714z"
        ],
        "width": 950.8591086864471,
        "attrs": [],
        "isMulticolor": false,
        "isMulticolor2": false,
        "tags": [
          "puzzle-piece"
        ],
        "defaultCode": 61742,
        "grid": 14
      },
      "attrs": [],
      "properties": {
        "name": "puzzle-piece",
        "id": 270,
        "order": 11,